epoch,timestamp,loss,phase
1,2025-12-27T20:02:39.502837,127.17536926269531,pretrain
2,2025-12-27T20:02:39.561844,126.59989166259766,pretrain
3,2025-12-27T20:02:39.580693,35398.4765625,pretrain
4,2025-12-27T20:02:39.604088,568.7818603515625,pretrain
5,2025-12-27T20:02:39.627075,173.7345428466797,pretrain
6,2025-12-27T20:02:39.652580,127.37090301513672,pretrain
7,2025-12-27T20:02:39.675109,126.45932006835938,pretrain
8,2025-12-27T20:02:39.699038,126.40557861328125,pretrain
9,2025-12-27T20:02:39.721826,126.27808380126953,pretrain
10,2025-12-27T20:02:39.744032,126.35905456542969,pretrain
11,2025-12-27T20:02:39.766172,126.16395568847656,pretrain
12,2025-12-27T20:02:39.788558,126.0906753540039,pretrain
13,2025-12-27T20:02:39.810295,125.9792709350586,pretrain
14,2025-12-27T20:02:39.831389,125.99009704589844,pretrain
15,2025-12-27T20:02:39.853401,125.72422790527344,pretrain
16,2025-12-27T20:02:39.878372,128.02491760253906,pretrain
17,2025-12-27T20:02:39.899983,125.61328125,pretrain
18,2025-12-27T20:02:39.923452,125.62013244628906,pretrain
19,2025-12-27T20:02:39.945134,125.53765106201172,pretrain
20,2025-12-27T20:02:39.966821,125.51736450195312,pretrain
21,2025-12-27T20:02:39.986986,125.42060089111328,pretrain
22,2025-12-27T20:02:40.010590,125.47454833984375,pretrain
23,2025-12-27T20:02:40.029402,125.22409057617188,pretrain
24,2025-12-27T20:02:40.050175,125.06951904296875,pretrain
25,2025-12-27T20:02:40.069763,125.15593719482422,pretrain
26,2025-12-27T20:02:40.088886,124.84088134765625,pretrain
27,2025-12-27T20:02:40.115385,125.28446960449219,pretrain
28,2025-12-27T20:02:40.135681,125.06430053710938,pretrain
29,2025-12-27T20:02:40.161445,124.80219268798828,pretrain
30,2025-12-27T20:02:40.185489,124.61537170410156,pretrain
31,2025-12-27T20:02:40.207556,124.48321533203125,pretrain
32,2025-12-27T20:02:40.228987,124.39717102050781,pretrain
33,2025-12-27T20:02:40.251390,124.47752380371094,pretrain
34,2025-12-27T20:02:40.272517,124.33053588867188,pretrain
35,2025-12-27T20:02:40.297476,124.06878662109375,pretrain
36,2025-12-27T20:02:40.319754,123.99685668945312,pretrain
37,2025-12-27T20:02:40.348511,123.91407012939453,pretrain
38,2025-12-27T20:02:40.372062,123.75391387939453,pretrain
39,2025-12-27T20:02:40.395577,123.67008209228516,pretrain
40,2025-12-27T20:02:40.419634,123.44738006591797,pretrain
41,2025-12-27T20:02:40.444070,123.45960235595703,pretrain
42,2025-12-27T20:02:40.465037,123.20782470703125,pretrain
43,2025-12-27T20:02:40.487541,123.03917694091797,pretrain
44,2025-12-27T20:02:40.509796,122.8731918334961,pretrain
45,2025-12-27T20:02:40.531725,122.73506927490234,pretrain
46,2025-12-27T20:02:40.554856,122.5882568359375,pretrain
47,2025-12-27T20:02:40.573966,122.38406372070312,pretrain
48,2025-12-27T20:02:40.598431,122.1992416381836,pretrain
49,2025-12-27T20:02:40.617936,122.07213592529297,pretrain
50,2025-12-27T20:02:40.641018,121.85163879394531,pretrain
51,2025-12-27T20:02:40.658274,121.6778335571289,pretrain
52,2025-12-27T20:02:40.677118,121.498046875,pretrain
53,2025-12-27T20:02:40.699869,121.36201477050781,pretrain
54,2025-12-27T20:02:40.717511,121.19038391113281,pretrain
55,2025-12-27T20:02:40.745397,120.97481536865234,pretrain
56,2025-12-27T20:02:40.770200,120.8440933227539,pretrain
57,2025-12-27T20:02:40.792072,120.70082092285156,pretrain
58,2025-12-27T20:02:40.810785,120.50852966308594,pretrain
59,2025-12-27T20:02:40.830580,120.35861206054688,pretrain
60,2025-12-27T20:02:40.852782,120.21253204345703,pretrain
61,2025-12-27T20:02:40.869519,120.0792236328125,pretrain
62,2025-12-27T20:02:40.889187,119.94265747070312,pretrain
63,2025-12-27T20:02:40.912369,119.80256652832031,pretrain
64,2025-12-27T20:02:40.932240,119.67744445800781,pretrain
65,2025-12-27T20:02:40.952638,119.52526092529297,pretrain
66,2025-12-27T20:02:40.977551,119.39027404785156,pretrain
67,2025-12-27T20:02:40.997720,119.25184631347656,pretrain
68,2025-12-27T20:02:41.020818,119.14347076416016,pretrain
69,2025-12-27T20:02:41.043557,119.022216796875,pretrain
70,2025-12-27T20:02:41.068099,118.88664245605469,pretrain
71,2025-12-27T20:02:41.090316,118.75043487548828,pretrain
72,2025-12-27T20:02:41.115829,118.63288116455078,pretrain
73,2025-12-27T20:02:41.135322,118.56104278564453,pretrain
74,2025-12-27T20:02:41.158996,118.40807342529297,pretrain
75,2025-12-27T20:02:41.179138,118.28705596923828,pretrain
76,2025-12-27T20:02:41.202356,118.16094970703125,pretrain
77,2025-12-27T20:02:41.219612,118.0494155883789,pretrain
78,2025-12-27T20:02:41.239152,117.92782592773438,pretrain
79,2025-12-27T20:02:41.261787,117.82987976074219,pretrain
80,2025-12-27T20:02:41.281091,117.71466827392578,pretrain
81,2025-12-27T20:02:41.302492,117.6217041015625,pretrain
82,2025-12-27T20:02:41.323013,117.49944305419922,pretrain
83,2025-12-27T20:02:41.346597,117.3894271850586,pretrain
84,2025-12-27T20:02:41.372947,117.29073333740234,pretrain
85,2025-12-27T20:02:41.395905,117.18905639648438,pretrain
86,2025-12-27T20:02:41.420653,117.09040832519531,pretrain
87,2025-12-27T20:02:41.441519,117.00214385986328,pretrain
88,2025-12-27T20:02:41.464292,116.86898040771484,pretrain
89,2025-12-27T20:02:41.492747,116.76253509521484,pretrain
90,2025-12-27T20:02:41.514377,116.66433715820312,pretrain
91,2025-12-27T20:02:41.536678,116.58631134033203,pretrain
92,2025-12-27T20:02:41.559221,116.45410919189453,pretrain
93,2025-12-27T20:02:41.578375,116.37001037597656,pretrain
94,2025-12-27T20:02:41.598298,116.2999267578125,pretrain
95,2025-12-27T20:02:41.618355,116.17938995361328,pretrain
96,2025-12-27T20:02:41.637996,116.05264282226562,pretrain
97,2025-12-27T20:02:41.660332,115.98561096191406,pretrain
98,2025-12-27T20:02:41.678136,115.8847885131836,pretrain
99,2025-12-27T20:02:41.696313,115.76692199707031,pretrain
100,2025-12-27T20:02:41.715641,115.68321228027344,pretrain
101,2025-12-27T20:02:41.734127,115.61225891113281,pretrain
102,2025-12-27T20:02:41.752998,115.5125961303711,pretrain
103,2025-12-27T20:02:41.771829,115.41860961914062,pretrain
104,2025-12-27T20:02:41.790465,115.2953109741211,pretrain
105,2025-12-27T20:02:41.809799,115.20630645751953,pretrain
106,2025-12-27T20:02:41.827559,115.11180114746094,pretrain
107,2025-12-27T20:02:41.846579,115.02342987060547,pretrain
108,2025-12-27T20:02:41.865451,114.93174743652344,pretrain
109,2025-12-27T20:02:41.883699,114.87736511230469,pretrain
110,2025-12-27T20:02:41.903490,114.7579116821289,pretrain
111,2025-12-27T20:02:41.924683,114.63514709472656,pretrain
112,2025-12-27T20:02:41.944128,114.55485534667969,pretrain
113,2025-12-27T20:02:41.965933,114.45475769042969,pretrain
114,2025-12-27T20:02:41.990277,114.35775756835938,pretrain
115,2025-12-27T20:02:42.013413,114.28042602539062,pretrain
116,2025-12-27T20:02:42.039161,114.20850372314453,pretrain
117,2025-12-27T20:02:42.063784,114.11607360839844,pretrain
118,2025-12-27T20:02:42.091823,114.08021545410156,pretrain
119,2025-12-27T20:02:42.119093,113.91210174560547,pretrain
120,2025-12-27T20:02:42.142253,113.81893157958984,pretrain
121,2025-12-27T20:02:42.166979,113.73947143554688,pretrain
122,2025-12-27T20:02:42.190738,113.64301300048828,pretrain
123,2025-12-27T20:02:42.213379,113.57451629638672,pretrain
124,2025-12-27T20:02:42.236152,113.47354888916016,pretrain
125,2025-12-27T20:02:42.257496,113.38323974609375,pretrain
126,2025-12-27T20:02:42.279413,113.27760314941406,pretrain
127,2025-12-27T20:02:42.298235,113.22523498535156,pretrain
128,2025-12-27T20:02:42.317251,113.13899993896484,pretrain
129,2025-12-27T20:02:42.339733,113.02838897705078,pretrain
130,2025-12-27T20:02:42.357505,112.97523498535156,pretrain
131,2025-12-27T20:02:42.376546,112.85995483398438,pretrain
132,2025-12-27T20:02:42.399528,112.82982635498047,pretrain
133,2025-12-27T20:02:42.418938,112.69635009765625,pretrain
134,2025-12-27T20:02:42.438347,112.63141632080078,pretrain
135,2025-12-27T20:02:42.459509,112.52638244628906,pretrain
136,2025-12-27T20:02:42.483822,112.43923950195312,pretrain
137,2025-12-27T20:02:42.511829,112.39579772949219,pretrain
138,2025-12-27T20:02:42.534368,112.31541442871094,pretrain
139,2025-12-27T20:02:42.557847,112.16822814941406,pretrain
140,2025-12-27T20:02:42.581127,112.13200378417969,pretrain
141,2025-12-27T20:02:42.604014,112.07521057128906,pretrain
142,2025-12-27T20:02:42.627573,111.96998596191406,pretrain
143,2025-12-27T20:02:42.651199,111.84477233886719,pretrain
144,2025-12-27T20:02:42.675179,111.783935546875,pretrain
145,2025-12-27T20:02:42.696742,111.65648651123047,pretrain
146,2025-12-27T20:02:42.720527,111.64955139160156,pretrain
147,2025-12-27T20:02:42.742386,111.56604766845703,pretrain
148,2025-12-27T20:02:42.766332,111.42239379882812,pretrain
149,2025-12-27T20:02:42.788466,111.35110473632812,pretrain
150,2025-12-27T20:02:42.812401,111.32192993164062,pretrain
151,2025-12-27T20:02:42.835377,111.22401428222656,pretrain
152,2025-12-27T20:02:42.859670,111.1268539428711,pretrain
153,2025-12-27T20:02:42.884257,111.15518951416016,pretrain
154,2025-12-27T20:02:42.910690,111.04835510253906,pretrain
155,2025-12-27T20:02:42.935521,110.9676742553711,pretrain
156,2025-12-27T20:02:42.957228,110.89002990722656,pretrain
157,2025-12-27T20:02:42.980258,110.7716293334961,pretrain
158,2025-12-27T20:02:43.002707,110.72578430175781,pretrain
159,2025-12-27T20:02:43.025914,110.60665893554688,pretrain
160,2025-12-27T20:02:43.047782,110.5555191040039,pretrain
161,2025-12-27T20:02:43.069384,110.4993667602539,pretrain
162,2025-12-27T20:02:43.089674,110.42047119140625,pretrain
163,2025-12-27T20:02:43.111521,110.32035064697266,pretrain
164,2025-12-27T20:02:43.135699,110.24835205078125,pretrain
165,2025-12-27T20:02:43.158459,110.1719970703125,pretrain
166,2025-12-27T20:02:43.183078,110.11422729492188,pretrain
167,2025-12-27T20:02:43.210284,110.09618377685547,pretrain
168,2025-12-27T20:02:43.232069,110.00347137451172,pretrain
169,2025-12-27T20:02:43.256490,109.91058349609375,pretrain
170,2025-12-27T20:02:43.278352,109.85465240478516,pretrain
171,2025-12-27T20:02:43.303324,109.80715942382812,pretrain
172,2025-12-27T20:02:43.325924,109.65599822998047,pretrain
173,2025-12-27T20:02:43.349820,109.63525390625,pretrain
174,2025-12-27T20:02:43.372231,109.56824493408203,pretrain
175,2025-12-27T20:02:43.396977,109.50070190429688,pretrain
176,2025-12-27T20:02:43.418900,109.43220520019531,pretrain
177,2025-12-27T20:02:43.441284,109.32395935058594,pretrain
178,2025-12-27T20:02:43.463523,109.28276824951172,pretrain
179,2025-12-27T20:02:43.487388,109.2392578125,pretrain
180,2025-12-27T20:02:43.508473,109.16166687011719,pretrain
181,2025-12-27T20:02:43.532444,109.0650405883789,pretrain
182,2025-12-27T20:02:43.555049,109.00764465332031,pretrain
183,2025-12-27T20:02:43.581016,109.00090789794922,pretrain
184,2025-12-27T20:02:43.603158,108.88036346435547,pretrain
185,2025-12-27T20:02:43.627329,108.94873046875,pretrain
186,2025-12-27T20:02:43.649246,108.73416137695312,pretrain
187,2025-12-27T20:02:43.672735,108.76433563232422,pretrain
188,2025-12-27T20:02:43.694817,108.68397521972656,pretrain
189,2025-12-27T20:02:43.718914,108.63959503173828,pretrain
190,2025-12-27T20:02:43.741099,108.49430084228516,pretrain
191,2025-12-27T20:02:43.762663,108.43248748779297,pretrain
192,2025-12-27T20:02:43.780997,108.38249969482422,pretrain
193,2025-12-27T20:02:43.804144,108.29469299316406,pretrain
194,2025-12-27T20:02:43.823145,108.25850677490234,pretrain
195,2025-12-27T20:02:43.841412,108.2679443359375,pretrain
196,2025-12-27T20:02:43.865182,108.13614654541016,pretrain
197,2025-12-27T20:02:43.882209,108.09778594970703,pretrain
198,2025-12-27T20:02:43.900803,108.06427001953125,pretrain
199,2025-12-27T20:02:43.923839,108.01212310791016,pretrain
200,2025-12-27T20:02:43.942223,107.91830444335938,pretrain
201,2025-12-27T20:02:43.964198,107.94657897949219,pretrain
202,2025-12-27T20:02:43.984274,107.86692810058594,pretrain
203,2025-12-27T20:02:44.002714,107.78933715820312,pretrain
204,2025-12-27T20:02:44.026506,107.65387725830078,pretrain
205,2025-12-27T20:02:44.049796,107.6361083984375,pretrain
206,2025-12-27T20:02:44.072952,107.60397338867188,pretrain
207,2025-12-27T20:02:44.093822,107.5274887084961,pretrain
208,2025-12-27T20:02:44.114500,107.43334197998047,pretrain
209,2025-12-27T20:02:44.135171,107.44780731201172,pretrain
210,2025-12-27T20:02:44.154999,107.31596374511719,pretrain
211,2025-12-27T20:02:44.176164,107.30851745605469,pretrain
212,2025-12-27T20:02:44.195119,107.31742095947266,pretrain
213,2025-12-27T20:02:44.213921,107.1491470336914,pretrain
214,2025-12-27T20:02:44.236180,107.08062744140625,pretrain
215,2025-12-27T20:02:44.255175,107.02989959716797,pretrain
216,2025-12-27T20:02:44.277040,107.10588073730469,pretrain
217,2025-12-27T20:02:44.296489,107.03515625,pretrain
218,2025-12-27T20:02:44.316178,106.99590301513672,pretrain
219,2025-12-27T20:02:44.343140,106.88683319091797,pretrain
220,2025-12-27T20:02:44.366024,106.73062133789062,pretrain
221,2025-12-27T20:02:44.390126,106.72711181640625,pretrain
222,2025-12-27T20:02:44.409965,106.6907730102539,pretrain
223,2025-12-27T20:02:44.430474,106.63611602783203,pretrain
224,2025-12-27T20:02:44.457865,106.53749084472656,pretrain
225,2025-12-27T20:02:44.483271,106.5450210571289,pretrain
226,2025-12-27T20:02:44.503409,106.4749755859375,pretrain
227,2025-12-27T20:02:44.520849,106.38988494873047,pretrain
228,2025-12-27T20:02:44.539910,106.4363021850586,pretrain
229,2025-12-27T20:02:44.558976,106.38951110839844,pretrain
230,2025-12-27T20:02:44.576584,106.35385131835938,pretrain
231,2025-12-27T20:02:44.595135,106.28950500488281,pretrain
232,2025-12-27T20:02:44.614638,106.15522766113281,pretrain
233,2025-12-27T20:02:44.633909,106.09609985351562,pretrain
234,2025-12-27T20:02:44.654115,106.02810668945312,pretrain
235,2025-12-27T20:02:44.673628,106.01042938232422,pretrain
236,2025-12-27T20:02:44.696992,105.95268249511719,pretrain
237,2025-12-27T20:02:44.715796,105.94398498535156,pretrain
238,2025-12-27T20:02:44.736450,105.88811492919922,pretrain
239,2025-12-27T20:02:44.756689,105.92108917236328,pretrain
240,2025-12-27T20:02:44.776150,105.80409240722656,pretrain
241,2025-12-27T20:02:44.795886,105.79055786132812,pretrain
242,2025-12-27T20:02:44.820001,105.67135620117188,pretrain
243,2025-12-27T20:02:44.841479,105.67191314697266,pretrain
244,2025-12-27T20:02:44.864466,105.56494903564453,pretrain
245,2025-12-27T20:02:44.888281,105.58968353271484,pretrain
246,2025-12-27T20:02:44.912554,105.53587341308594,pretrain
247,2025-12-27T20:02:44.935922,105.5208511352539,pretrain
248,2025-12-27T20:02:44.958673,105.43326568603516,pretrain
249,2025-12-27T20:02:44.981626,105.48518371582031,pretrain
250,2025-12-27T20:02:45.005241,105.43022155761719,pretrain
251,2025-12-27T20:02:45.030868,105.21839904785156,pretrain
252,2025-12-27T20:02:45.052933,105.24555206298828,pretrain
253,2025-12-27T20:02:45.076969,105.18678283691406,pretrain
254,2025-12-27T20:02:45.099110,105.16249084472656,pretrain
255,2025-12-27T20:02:45.122961,105.09632110595703,pretrain
256,2025-12-27T20:02:45.144567,105.16220092773438,pretrain
257,2025-12-27T20:02:45.167971,105.01171112060547,pretrain
258,2025-12-27T20:02:45.188017,105.0047378540039,pretrain
259,2025-12-27T20:02:45.209056,104.9164810180664,pretrain
260,2025-12-27T20:02:45.232372,104.955810546875,pretrain
261,2025-12-27T20:02:45.254766,105.01787567138672,pretrain
262,2025-12-27T20:02:45.274113,104.81615447998047,pretrain
263,2025-12-27T20:02:45.293977,104.88729095458984,pretrain
264,2025-12-27T20:02:45.317276,104.84758758544922,pretrain
265,2025-12-27T20:02:45.338147,104.7285385131836,pretrain
266,2025-12-27T20:02:45.362412,104.76046752929688,pretrain
267,2025-12-27T20:02:45.384511,104.6746597290039,pretrain
268,2025-12-27T20:02:45.410661,104.66028594970703,pretrain
269,2025-12-27T20:02:45.435855,104.5822982788086,pretrain
270,2025-12-27T20:02:45.459281,104.48821258544922,pretrain
271,2025-12-27T20:02:45.483639,104.5291519165039,pretrain
272,2025-12-27T20:02:45.506079,104.50721740722656,pretrain
273,2025-12-27T20:02:45.530735,104.45453643798828,pretrain
274,2025-12-27T20:02:45.557278,104.3421401977539,pretrain
275,2025-12-27T20:02:45.585060,104.34487915039062,pretrain
276,2025-12-27T20:02:45.609416,104.30470275878906,pretrain
277,2025-12-27T20:02:45.634174,104.182861328125,pretrain
278,2025-12-27T20:02:45.659016,104.21397399902344,pretrain
279,2025-12-27T20:02:45.682119,104.24339294433594,pretrain
280,2025-12-27T20:02:45.710125,104.1411361694336,pretrain
281,2025-12-27T20:02:45.734712,104.15377044677734,pretrain
282,2025-12-27T20:02:45.758322,104.07471466064453,pretrain
283,2025-12-27T20:02:45.783186,104.04296875,pretrain
284,2025-12-27T20:02:45.808805,104.04637908935547,pretrain
285,2025-12-27T20:02:45.831944,103.99559783935547,pretrain
286,2025-12-27T20:02:45.855236,103.9493179321289,pretrain
287,2025-12-27T20:02:45.878556,103.95198822021484,pretrain
288,2025-12-27T20:02:45.898138,103.9207534790039,pretrain
289,2025-12-27T20:02:45.921553,103.77911376953125,pretrain
290,2025-12-27T20:02:45.945512,103.76713562011719,pretrain
291,2025-12-27T20:02:45.970618,103.79412841796875,pretrain
292,2025-12-27T20:02:45.994303,103.70315551757812,pretrain
293,2025-12-27T20:02:46.017720,103.71653747558594,pretrain
294,2025-12-27T20:02:46.041366,103.7205581665039,pretrain
295,2025-12-27T20:02:46.064826,103.59136962890625,pretrain
296,2025-12-27T20:02:46.087111,103.56129455566406,pretrain
297,2025-12-27T20:02:46.110826,103.53441619873047,pretrain
298,2025-12-27T20:02:46.136472,103.53131866455078,pretrain
299,2025-12-27T20:02:46.160930,103.51404571533203,pretrain
300,2025-12-27T20:02:46.182696,103.53881072998047,pretrain
301,2025-12-27T20:02:46.210653,103.47502136230469,pretrain
302,2025-12-27T20:02:46.232763,103.4020767211914,pretrain
303,2025-12-27T20:02:46.257215,103.37405395507812,pretrain
304,2025-12-27T20:02:46.280614,103.28858184814453,pretrain
305,2025-12-27T20:02:46.307747,103.3348388671875,pretrain
306,2025-12-27T20:02:46.331740,103.22842407226562,pretrain
307,2025-12-27T20:02:46.352604,103.2098617553711,pretrain
308,2025-12-27T20:02:46.378252,103.17671966552734,pretrain
309,2025-12-27T20:02:46.401121,103.191162109375,pretrain
310,2025-12-27T20:02:46.423852,103.2920150756836,pretrain
311,2025-12-27T20:02:46.448953,103.1035385131836,pretrain
312,2025-12-27T20:02:46.473409,103.14376068115234,pretrain
313,2025-12-27T20:02:46.495410,103.0357666015625,pretrain
314,2025-12-27T20:02:46.519623,102.97005462646484,pretrain
315,2025-12-27T20:02:46.541864,102.92139434814453,pretrain
316,2025-12-27T20:02:46.563042,102.99411010742188,pretrain
317,2025-12-27T20:02:46.585081,102.88519287109375,pretrain
318,2025-12-27T20:02:46.609021,102.8628921508789,pretrain
319,2025-12-27T20:02:46.632727,102.93159484863281,pretrain
320,2025-12-27T20:02:46.652965,102.90782928466797,pretrain
321,2025-12-27T20:02:46.675036,102.92865753173828,pretrain
322,2025-12-27T20:02:46.700595,102.81359100341797,pretrain
323,2025-12-27T20:02:46.724896,102.73747253417969,pretrain
324,2025-12-27T20:02:46.744871,102.80958557128906,pretrain
325,2025-12-27T20:02:46.765782,102.78701782226562,pretrain
326,2025-12-27T20:02:46.785776,102.6944808959961,pretrain
327,2025-12-27T20:02:46.804785,102.63151550292969,pretrain
328,2025-12-27T20:02:46.827288,102.75951385498047,pretrain
329,2025-12-27T20:02:46.844522,102.67003631591797,pretrain
330,2025-12-27T20:02:46.863852,102.62220001220703,pretrain
331,2025-12-27T20:02:46.886843,102.74024200439453,pretrain
332,2025-12-27T20:02:46.906411,102.62056732177734,pretrain
333,2025-12-27T20:02:46.925657,102.66981506347656,pretrain
334,2025-12-27T20:02:46.947529,102.51406860351562,pretrain
335,2025-12-27T20:02:46.967366,102.52005767822266,pretrain
336,2025-12-27T20:02:46.988994,102.52193450927734,pretrain
337,2025-12-27T20:02:47.008085,102.4110336303711,pretrain
338,2025-12-27T20:02:47.029876,102.4822769165039,pretrain
339,2025-12-27T20:02:47.050870,102.40300750732422,pretrain
340,2025-12-27T20:02:47.071581,102.31822967529297,pretrain
341,2025-12-27T20:02:47.091253,102.31852722167969,pretrain
342,2025-12-27T20:02:47.111620,102.5031509399414,pretrain
343,2025-12-27T20:02:47.132370,102.25146484375,pretrain
344,2025-12-27T20:02:47.152254,102.21060943603516,pretrain
345,2025-12-27T20:02:47.172819,102.2535629272461,pretrain
346,2025-12-27T20:02:47.192222,102.33833312988281,pretrain
347,2025-12-27T20:02:47.211773,102.27753448486328,pretrain
348,2025-12-27T20:02:47.232863,102.24584197998047,pretrain
349,2025-12-27T20:02:47.253201,102.20696258544922,pretrain
350,2025-12-27T20:02:47.276865,102.14967346191406,pretrain
351,2025-12-27T20:02:47.300894,102.14351654052734,pretrain
352,2025-12-27T20:02:47.324475,102.1258316040039,pretrain
353,2025-12-27T20:02:47.349166,102.05638122558594,pretrain
354,2025-12-27T20:02:47.372269,102.00074005126953,pretrain
355,2025-12-27T20:02:47.396865,101.94752502441406,pretrain
356,2025-12-27T20:02:47.424072,101.97471618652344,pretrain
357,2025-12-27T20:02:47.445019,101.96794128417969,pretrain
358,2025-12-27T20:02:47.466646,101.95372009277344,pretrain
359,2025-12-27T20:02:47.487206,101.92938995361328,pretrain
360,2025-12-27T20:02:47.506423,101.96516418457031,pretrain
361,2025-12-27T20:02:47.527167,101.89895629882812,pretrain
362,2025-12-27T20:02:47.545453,101.82878875732422,pretrain
363,2025-12-27T20:02:47.563467,101.84710693359375,pretrain
364,2025-12-27T20:02:47.584526,101.83863830566406,pretrain
365,2025-12-27T20:02:47.602480,101.88520050048828,pretrain
366,2025-12-27T20:02:47.621270,101.83624267578125,pretrain
367,2025-12-27T20:02:47.642158,101.90361022949219,pretrain
368,2025-12-27T20:02:47.663428,101.71440124511719,pretrain
369,2025-12-27T20:02:47.682260,101.78584289550781,pretrain
370,2025-12-27T20:02:47.705304,101.72885131835938,pretrain
371,2025-12-27T20:02:47.721876,101.73346710205078,pretrain
372,2025-12-27T20:02:47.740872,101.74798583984375,pretrain
373,2025-12-27T20:02:47.765035,101.80691528320312,pretrain
374,2025-12-27T20:02:47.784460,101.66170501708984,pretrain
375,2025-12-27T20:02:47.807258,101.69867706298828,pretrain
376,2025-12-27T20:02:47.830164,101.61478424072266,pretrain
377,2025-12-27T20:02:47.855145,101.58773040771484,pretrain
378,2025-12-27T20:02:47.880447,101.67787170410156,pretrain
379,2025-12-27T20:02:47.904633,101.49710083007812,pretrain
380,2025-12-27T20:02:47.926662,101.55562591552734,pretrain
381,2025-12-27T20:02:47.952928,101.46619415283203,pretrain
382,2025-12-27T20:02:47.975609,101.48027801513672,pretrain
383,2025-12-27T20:02:48.000353,101.40461730957031,pretrain
384,2025-12-27T20:02:48.023241,101.60856628417969,pretrain
385,2025-12-27T20:02:48.045347,101.47004699707031,pretrain
386,2025-12-27T20:02:48.071712,101.4798812866211,pretrain
387,2025-12-27T20:02:48.093033,101.48546600341797,pretrain
388,2025-12-27T20:02:48.115668,101.34463500976562,pretrain
389,2025-12-27T20:02:48.136722,101.32049560546875,pretrain
390,2025-12-27T20:02:48.162185,101.36412811279297,pretrain
391,2025-12-27T20:02:48.184002,101.44141387939453,pretrain
392,2025-12-27T20:02:48.206431,101.36724090576172,pretrain
393,2025-12-27T20:02:48.228460,101.33900451660156,pretrain
394,2025-12-27T20:02:48.247823,101.34107208251953,pretrain
395,2025-12-27T20:02:48.268670,101.29811096191406,pretrain
396,2025-12-27T20:02:48.286494,101.248046875,pretrain
397,2025-12-27T20:02:48.304936,101.27951049804688,pretrain
398,2025-12-27T20:02:48.325087,101.1754379272461,pretrain
399,2025-12-27T20:02:48.346652,101.16788482666016,pretrain
400,2025-12-27T20:02:48.366297,101.24625396728516,pretrain
401,2025-12-27T20:02:48.390893,101.14449310302734,pretrain
402,2025-12-27T20:02:48.409475,101.22527313232422,pretrain
403,2025-12-27T20:02:48.429796,101.1396255493164,pretrain
404,2025-12-27T20:02:48.450046,101.20323944091797,pretrain
405,2025-12-27T20:02:48.472583,101.10002136230469,pretrain
406,2025-12-27T20:02:48.496819,101.1725845336914,pretrain
407,2025-12-27T20:02:48.517225,101.05909729003906,pretrain
408,2025-12-27T20:02:48.540293,101.07445526123047,pretrain
409,2025-12-27T20:02:48.559917,101.05577850341797,pretrain
410,2025-12-27T20:02:48.585344,101.00205993652344,pretrain
411,2025-12-27T20:02:48.609413,101.1408920288086,pretrain
412,2025-12-27T20:02:48.633985,101.06478881835938,pretrain
413,2025-12-27T20:02:48.660865,101.03186798095703,pretrain
414,2025-12-27T20:02:48.680815,101.03783416748047,pretrain
415,2025-12-27T20:02:48.701815,101.01776885986328,pretrain
416,2025-12-27T20:02:48.726772,100.91266632080078,pretrain
417,2025-12-27T20:02:48.749767,100.92572021484375,pretrain
418,2025-12-27T20:02:48.773006,100.96723937988281,pretrain
419,2025-12-27T20:02:48.795835,100.95671844482422,pretrain
420,2025-12-27T20:02:48.818376,100.99629974365234,pretrain
421,2025-12-27T20:02:48.841430,100.91331481933594,pretrain
422,2025-12-27T20:02:48.859811,100.87812042236328,pretrain
423,2025-12-27T20:02:48.886782,100.79580688476562,pretrain
424,2025-12-27T20:02:48.913530,100.87517547607422,pretrain
425,2025-12-27T20:02:48.936114,100.87014770507812,pretrain
426,2025-12-27T20:02:48.960050,100.79835510253906,pretrain
427,2025-12-27T20:02:48.983522,100.802490234375,pretrain
428,2025-12-27T20:02:49.005804,100.77606964111328,pretrain
429,2025-12-27T20:02:49.029489,100.8331298828125,pretrain
430,2025-12-27T20:02:49.048653,100.73783874511719,pretrain
431,2025-12-27T20:02:49.070955,100.80451965332031,pretrain
432,2025-12-27T20:02:49.092706,100.71390533447266,pretrain
433,2025-12-27T20:02:49.112018,100.76901245117188,pretrain
434,2025-12-27T20:02:49.136624,100.76197052001953,pretrain
435,2025-12-27T20:02:49.157860,100.635498046875,pretrain
436,2025-12-27T20:02:49.180897,100.71946716308594,pretrain
437,2025-12-27T20:02:49.201731,100.78392791748047,pretrain
438,2025-12-27T20:02:49.223112,100.75016021728516,pretrain
439,2025-12-27T20:02:49.242535,100.61351013183594,pretrain
440,2025-12-27T20:02:49.263202,100.66201782226562,pretrain
441,2025-12-27T20:02:49.289981,100.65321350097656,pretrain
442,2025-12-27T20:02:49.310178,100.63804626464844,pretrain
443,2025-12-27T20:02:49.334575,100.59576416015625,pretrain
444,2025-12-27T20:02:49.356069,100.6695556640625,pretrain
445,2025-12-27T20:02:49.377017,100.61656951904297,pretrain
446,2025-12-27T20:02:49.396252,100.58818054199219,pretrain
447,2025-12-27T20:02:49.420404,100.67313385009766,pretrain
448,2025-12-27T20:02:49.439678,100.64442443847656,pretrain
449,2025-12-27T20:02:49.462736,100.5022201538086,pretrain
450,2025-12-27T20:02:49.482436,100.48628997802734,pretrain
451,2025-12-27T20:02:49.503181,100.69055938720703,pretrain
452,2025-12-27T20:02:49.522135,100.58385467529297,pretrain
453,2025-12-27T20:02:49.541589,100.56977844238281,pretrain
454,2025-12-27T20:02:49.567281,100.58123016357422,pretrain
455,2025-12-27T20:02:49.587814,100.4749526977539,pretrain
456,2025-12-27T20:02:49.611029,100.7621841430664,pretrain
457,2025-12-27T20:02:49.631296,100.51677703857422,pretrain
458,2025-12-27T20:02:49.652406,100.4214096069336,pretrain
459,2025-12-27T20:02:49.672225,100.48394012451172,pretrain
460,2025-12-27T20:02:49.691835,100.41181945800781,pretrain
461,2025-12-27T20:02:49.714500,100.36492919921875,pretrain
462,2025-12-27T20:02:49.734002,100.40076446533203,pretrain
463,2025-12-27T20:02:49.756104,100.38468933105469,pretrain
464,2025-12-27T20:02:49.774663,100.4989242553711,pretrain
465,2025-12-27T20:02:49.794089,100.42404174804688,pretrain
466,2025-12-27T20:02:49.815818,100.29991149902344,pretrain
467,2025-12-27T20:02:49.836258,100.38555145263672,pretrain
468,2025-12-27T20:02:49.855884,100.31692504882812,pretrain
469,2025-12-27T20:02:49.874860,100.36912536621094,pretrain
470,2025-12-27T20:02:49.893874,100.28398895263672,pretrain
471,2025-12-27T20:02:49.914041,100.29656982421875,pretrain
472,2025-12-27T20:02:49.933429,100.24217987060547,pretrain
473,2025-12-27T20:02:49.951217,100.28842163085938,pretrain
474,2025-12-27T20:02:49.971140,100.34210205078125,pretrain
475,2025-12-27T20:02:49.989966,100.33544921875,pretrain
476,2025-12-27T20:02:50.011499,100.13027954101562,pretrain
477,2025-12-27T20:02:50.031638,100.12167358398438,pretrain
478,2025-12-27T20:02:50.055161,100.26669311523438,pretrain
479,2025-12-27T20:02:50.075145,100.27613830566406,pretrain
480,2025-12-27T20:02:50.096769,100.22271728515625,pretrain
481,2025-12-27T20:02:50.115215,100.0811538696289,pretrain
482,2025-12-27T20:02:50.135596,100.2245864868164,pretrain
483,2025-12-27T20:02:50.160364,100.14342498779297,pretrain
484,2025-12-27T20:02:50.178950,100.1250228881836,pretrain
485,2025-12-27T20:02:50.200561,100.25862121582031,pretrain
486,2025-12-27T20:02:50.228835,100.23478698730469,pretrain
487,2025-12-27T20:02:50.248445,100.2477035522461,pretrain
488,2025-12-27T20:02:50.272026,100.19779968261719,pretrain
489,2025-12-27T20:02:50.292122,100.07672119140625,pretrain
490,2025-12-27T20:02:50.315358,100.04608154296875,pretrain
491,2025-12-27T20:02:50.335613,100.15521240234375,pretrain
492,2025-12-27T20:02:50.357286,100.20438385009766,pretrain
493,2025-12-27T20:02:50.380121,100.15687561035156,pretrain
494,2025-12-27T20:02:50.406810,100.15379333496094,pretrain
495,2025-12-27T20:02:50.427493,100.04557037353516,pretrain
496,2025-12-27T20:02:50.449462,100.08319091796875,pretrain
497,2025-12-27T20:02:50.466033,100.08477783203125,pretrain
498,2025-12-27T20:02:50.484409,100.02111053466797,pretrain
499,2025-12-27T20:02:50.504626,100.02020263671875,pretrain
500,2025-12-27T20:02:50.525063,99.99722290039062,pretrain
501,2025-12-27T20:02:50.561358,100.11251831054688,train
502,2025-12-27T20:02:50.581305,100.1002197265625,train
503,2025-12-27T20:02:50.604956,100.04251098632812,train
504,2025-12-27T20:02:50.624367,99.92890930175781,train
505,2025-12-27T20:02:50.645211,100.0112075805664,train
506,2025-12-27T20:02:50.669003,99.93831634521484,train
507,2025-12-27T20:02:50.688760,100.07537078857422,train
508,2025-12-27T20:02:50.710869,99.93473052978516,train
509,2025-12-27T20:02:50.734244,99.90580749511719,train
510,2025-12-27T20:02:50.757686,99.8484115600586,train
511,2025-12-27T20:02:50.777367,99.89321899414062,train
512,2025-12-27T20:02:50.800358,99.94271087646484,train
513,2025-12-27T20:02:50.822634,99.99496459960938,train
514,2025-12-27T20:02:50.843755,99.79137420654297,train
515,2025-12-27T20:02:50.871897,99.89253997802734,train
516,2025-12-27T20:02:50.897622,99.84138488769531,train
517,2025-12-27T20:02:50.925041,99.85321044921875,train
518,2025-12-27T20:02:50.951976,99.7490005493164,train
519,2025-12-27T20:02:50.977973,99.86773681640625,train
520,2025-12-27T20:02:50.999903,99.90090942382812,train
521,2025-12-27T20:02:51.023462,99.8394546508789,train
522,2025-12-27T20:02:51.042442,99.77425384521484,train
523,2025-12-27T20:02:51.065189,99.67684936523438,train
524,2025-12-27T20:02:51.087882,99.80305480957031,train
525,2025-12-27T20:02:51.112730,99.69462585449219,train
526,2025-12-27T20:02:51.134128,99.91464233398438,train
527,2025-12-27T20:02:51.157589,99.67716217041016,train
528,2025-12-27T20:02:51.178655,99.8350830078125,train
529,2025-12-27T20:02:51.203381,99.8094482421875,train
530,2025-12-27T20:02:51.223858,99.80587768554688,train
531,2025-12-27T20:02:51.249515,99.79339599609375,train
532,2025-12-27T20:02:51.271993,99.6306381225586,train
533,2025-12-27T20:02:51.294231,99.6727066040039,train
534,2025-12-27T20:02:51.317834,99.680419921875,train
535,2025-12-27T20:02:51.339687,99.63395690917969,train
536,2025-12-27T20:02:51.363328,99.68580627441406,train
537,2025-12-27T20:02:51.385619,99.75311279296875,train
538,2025-12-27T20:02:51.409571,99.72309875488281,train
539,2025-12-27T20:02:51.431503,99.5950927734375,train
540,2025-12-27T20:02:51.455038,99.74553680419922,train
541,2025-12-27T20:02:51.477718,99.73677825927734,train
542,2025-12-27T20:02:51.501171,99.72994232177734,train
543,2025-12-27T20:02:51.523394,99.60789489746094,train
544,2025-12-27T20:02:51.547274,99.70846557617188,train
545,2025-12-27T20:02:51.569664,99.60540008544922,train
546,2025-12-27T20:02:51.596222,99.56049346923828,train
547,2025-12-27T20:02:51.620953,99.52391815185547,train
548,2025-12-27T20:02:51.648392,99.51091003417969,train
549,2025-12-27T20:02:51.673972,99.5434799194336,train
550,2025-12-27T20:02:51.696396,99.57572174072266,train
551,2025-12-27T20:02:51.721509,99.57858276367188,train
552,2025-12-27T20:02:51.743369,99.51921081542969,train
553,2025-12-27T20:02:51.768491,99.644775390625,train
554,2025-12-27T20:02:51.790807,99.62020874023438,train
555,2025-12-27T20:02:51.815272,99.5374984741211,train
556,2025-12-27T20:02:51.834775,99.546875,train
557,2025-12-27T20:02:51.858991,99.46115112304688,train
558,2025-12-27T20:02:51.880868,99.5106201171875,train
559,2025-12-27T20:02:51.904948,99.4780044555664,train
560,2025-12-27T20:02:51.926936,99.4458236694336,train
561,2025-12-27T20:02:51.950820,99.54191589355469,train
562,2025-12-27T20:02:51.971913,99.55611419677734,train
563,2025-12-27T20:02:51.996877,99.67378234863281,train
564,2025-12-27T20:02:52.018472,99.32269287109375,train
565,2025-12-27T20:02:52.044665,99.38494110107422,train
566,2025-12-27T20:02:52.067542,99.4526596069336,train
567,2025-12-27T20:02:52.093560,99.43193054199219,train
568,2025-12-27T20:02:52.117967,99.32776641845703,train
569,2025-12-27T20:02:52.140984,99.49417877197266,train
570,2025-12-27T20:02:52.162564,99.35276794433594,train
571,2025-12-27T20:02:52.189024,99.3927993774414,train
572,2025-12-27T20:02:52.214462,99.31755065917969,train
573,2025-12-27T20:02:52.236290,99.40442657470703,train
574,2025-12-27T20:02:52.259750,99.19530487060547,train
575,2025-12-27T20:02:52.283096,99.54425811767578,train
576,2025-12-27T20:02:52.306253,99.47996520996094,train
577,2025-12-27T20:02:52.327841,99.38622283935547,train
578,2025-12-27T20:02:52.351941,99.32788848876953,train
579,2025-12-27T20:02:52.374839,99.2772216796875,train
580,2025-12-27T20:02:52.398778,99.27827453613281,train
581,2025-12-27T20:02:52.421794,99.3594741821289,train
582,2025-12-27T20:02:52.446368,99.3123779296875,train
583,2025-12-27T20:02:52.466378,99.30401611328125,train
584,2025-12-27T20:02:52.488125,99.27808380126953,train
585,2025-12-27T20:02:52.511972,99.15642547607422,train
586,2025-12-27T20:02:52.533883,99.1677017211914,train
587,2025-12-27T20:02:52.555076,99.2633056640625,train
588,2025-12-27T20:02:52.576629,99.22746276855469,train
589,2025-12-27T20:02:52.597445,99.25442504882812,train
590,2025-12-27T20:02:52.618976,99.24532318115234,train
591,2025-12-27T20:02:52.641222,99.21137237548828,train
592,2025-12-27T20:02:52.664216,99.28604888916016,train
593,2025-12-27T20:02:52.685311,99.24996948242188,train
594,2025-12-27T20:02:52.710015,99.31716918945312,train
595,2025-12-27T20:02:52.731688,99.52523040771484,train
596,2025-12-27T20:02:52.755780,99.1429214477539,train
597,2025-12-27T20:02:52.778392,99.23564910888672,train
598,2025-12-27T20:02:52.802836,99.20867156982422,train
599,2025-12-27T20:02:52.823490,99.24456787109375,train
600,2025-12-27T20:02:52.849097,99.1202163696289,train
601,2025-12-27T20:02:52.873783,99.13190460205078,train
602,2025-12-27T20:02:52.894849,99.20233154296875,train
603,2025-12-27T20:02:52.916389,99.07439422607422,train
604,2025-12-27T20:02:52.940982,99.0125503540039,train
605,2025-12-27T20:02:52.963008,99.14682006835938,train
606,2025-12-27T20:02:52.987297,99.06059265136719,train
607,2025-12-27T20:02:53.012225,99.12853240966797,train
608,2025-12-27T20:02:53.041878,99.02709197998047,train
609,2025-12-27T20:02:53.066256,99.21609497070312,train
610,2025-12-27T20:02:53.089734,99.12718200683594,train
611,2025-12-27T20:02:53.118027,98.97748565673828,train
612,2025-12-27T20:02:53.140237,99.19123077392578,train
613,2025-12-27T20:02:53.164915,99.61158752441406,train
614,2025-12-27T20:02:53.186148,99.02499389648438,train
615,2025-12-27T20:02:53.212181,99.06468963623047,train
616,2025-12-27T20:02:53.237446,99.08967590332031,train
617,2025-12-27T20:02:53.262625,98.96942901611328,train
618,2025-12-27T20:02:53.285196,99.06581115722656,train
619,2025-12-27T20:02:53.308150,98.85577392578125,train
620,2025-12-27T20:02:53.331236,98.96047973632812,train
621,2025-12-27T20:02:53.354507,98.97393035888672,train
622,2025-12-27T20:02:53.378753,98.90403747558594,train
623,2025-12-27T20:02:53.403677,99.11066436767578,train
624,2025-12-27T20:02:53.430704,99.04033660888672,train
625,2025-12-27T20:02:53.452189,98.97318267822266,train
626,2025-12-27T20:02:53.477629,99.07189178466797,train
627,2025-12-27T20:02:53.499631,98.98564910888672,train
628,2025-12-27T20:02:53.525206,98.94697570800781,train
629,2025-12-27T20:02:53.546311,99.35187530517578,train
630,2025-12-27T20:02:53.571148,98.98092651367188,train
631,2025-12-27T20:02:53.593072,98.84872436523438,train
632,2025-12-27T20:02:53.616539,98.92439270019531,train
633,2025-12-27T20:02:53.637171,98.95366668701172,train
634,2025-12-27T20:02:53.662852,98.85625457763672,train
635,2025-12-27T20:02:53.684480,98.94245910644531,train
636,2025-12-27T20:02:53.710248,98.84321594238281,train
637,2025-12-27T20:02:53.729205,99.04032135009766,train
638,2025-12-27T20:02:53.751018,98.74349212646484,train
639,2025-12-27T20:02:53.772722,98.80855560302734,train
640,2025-12-27T20:02:53.793785,98.88265991210938,train
641,2025-12-27T20:02:53.818113,98.75694274902344,train
642,2025-12-27T20:02:53.840723,98.96021270751953,train
643,2025-12-27T20:02:53.867541,98.71033477783203,train
644,2025-12-27T20:02:53.890698,98.9537582397461,train
645,2025-12-27T20:02:53.914873,98.74983215332031,train
646,2025-12-27T20:02:53.939195,99.14691925048828,train
647,2025-12-27T20:02:53.962956,98.92335510253906,train
648,2025-12-27T20:02:53.986877,98.83818817138672,train
649,2025-12-27T20:02:54.010286,98.8044204711914,train
650,2025-12-27T20:02:54.036146,98.77494812011719,train
651,2025-12-27T20:02:54.055500,98.86400604248047,train
652,2025-12-27T20:02:54.076844,98.86931610107422,train
653,2025-12-27T20:02:54.102321,98.79006958007812,train
654,2025-12-27T20:02:54.124844,98.68196105957031,train
655,2025-12-27T20:02:54.152684,98.68329620361328,train
656,2025-12-27T20:02:54.179018,98.74188232421875,train
657,2025-12-27T20:02:54.199214,98.6864013671875,train
658,2025-12-27T20:02:54.220651,98.80474853515625,train
659,2025-12-27T20:02:54.245793,98.72588348388672,train
660,2025-12-27T20:02:54.267268,98.60628509521484,train
661,2025-12-27T20:02:54.291177,98.75428771972656,train
662,2025-12-27T20:02:54.311984,98.68559265136719,train
663,2025-12-27T20:02:54.335171,98.84142303466797,train
664,2025-12-27T20:02:54.356807,98.68156433105469,train
665,2025-12-27T20:02:54.380905,98.81298065185547,train
666,2025-12-27T20:02:54.406754,98.72809600830078,train
667,2025-12-27T20:02:54.427958,98.7003173828125,train
668,2025-12-27T20:02:54.453140,98.65929412841797,train
669,2025-12-27T20:02:54.475066,98.71163940429688,train
670,2025-12-27T20:02:54.500464,98.76615142822266,train
671,2025-12-27T20:02:54.521451,98.58476257324219,train
672,2025-12-27T20:02:54.545834,98.54400634765625,train
673,2025-12-27T20:02:54.566450,98.61729431152344,train
674,2025-12-27T20:02:54.591742,98.78221130371094,train
675,2025-12-27T20:02:54.613455,98.55976867675781,train
676,2025-12-27T20:02:54.637742,98.85319519042969,train
677,2025-12-27T20:02:54.658915,98.60970306396484,train
678,2025-12-27T20:02:54.684596,98.68966674804688,train
679,2025-12-27T20:02:54.704859,98.63865661621094,train
680,2025-12-27T20:02:54.727054,98.52373504638672,train
681,2025-12-27T20:02:54.746574,98.6457290649414,train
682,2025-12-27T20:02:54.768381,98.6053695678711,train
683,2025-12-27T20:02:54.792372,98.4846420288086,train
684,2025-12-27T20:02:54.813761,98.54109954833984,train
685,2025-12-27T20:02:54.837295,98.59117126464844,train
686,2025-12-27T20:02:54.857490,98.5498275756836,train
687,2025-12-27T20:02:54.881695,98.65435791015625,train
688,2025-12-27T20:02:54.904616,98.53009796142578,train
689,2025-12-27T20:02:54.929349,98.60639190673828,train
690,2025-12-27T20:02:54.951402,98.60978698730469,train
691,2025-12-27T20:02:54.975803,98.65892791748047,train
692,2025-12-27T20:02:55.000521,98.5167236328125,train
693,2025-12-27T20:02:55.021263,98.55567932128906,train
694,2025-12-27T20:02:55.043268,98.3821792602539,train
695,2025-12-27T20:02:55.072212,98.52780151367188,train
696,2025-12-27T20:02:55.093038,98.3603286743164,train
697,2025-12-27T20:02:55.114012,98.53662109375,train
698,2025-12-27T20:02:55.135142,98.43206024169922,train
699,2025-12-27T20:02:55.156783,98.59796905517578,train
700,2025-12-27T20:02:55.178109,98.66551971435547,train
701,2025-12-27T20:02:55.202840,98.38873291015625,train
702,2025-12-27T20:02:55.223090,98.42667388916016,train
703,2025-12-27T20:02:55.242741,98.45943450927734,train
704,2025-12-27T20:02:55.264453,98.49493408203125,train
705,2025-12-27T20:02:55.286692,98.47164154052734,train
706,2025-12-27T20:02:55.311381,98.40721130371094,train
707,2025-12-27T20:02:55.332249,98.44771575927734,train
708,2025-12-27T20:02:55.358406,98.32764434814453,train
709,2025-12-27T20:02:55.380905,98.41822052001953,train
710,2025-12-27T20:02:55.405595,98.6467514038086,train
711,2025-12-27T20:02:55.427917,98.41522216796875,train
712,2025-12-27T20:02:55.452002,98.58653259277344,train
713,2025-12-27T20:02:55.474135,98.42703247070312,train
714,2025-12-27T20:02:55.495418,98.263671875,train
715,2025-12-27T20:02:55.517777,98.75050354003906,train
716,2025-12-27T20:02:55.540825,98.47672271728516,train
717,2025-12-27T20:02:55.563958,98.31900024414062,train
718,2025-12-27T20:02:55.589392,98.32284545898438,train
719,2025-12-27T20:02:55.612915,98.32118225097656,train
720,2025-12-27T20:02:55.635840,98.34398651123047,train
721,2025-12-27T20:02:55.660704,98.48241424560547,train
722,2025-12-27T20:02:55.682309,98.25919342041016,train
723,2025-12-27T20:02:55.707846,98.36014556884766,train
724,2025-12-27T20:02:55.731362,98.2913589477539,train
725,2025-12-27T20:02:55.756013,98.22296905517578,train
726,2025-12-27T20:02:55.783665,98.4240951538086,train
727,2025-12-27T20:02:55.808417,98.1697006225586,train
728,2025-12-27T20:02:55.834702,98.21942901611328,train
729,2025-12-27T20:02:55.857089,98.40288543701172,train
730,2025-12-27T20:02:55.879340,98.27279663085938,train
731,2025-12-27T20:02:55.903676,98.24234008789062,train
732,2025-12-27T20:02:55.929094,98.30693817138672,train
733,2025-12-27T20:02:55.951178,98.2286376953125,train
734,2025-12-27T20:02:55.974478,98.25988006591797,train
735,2025-12-27T20:02:55.998933,98.21922302246094,train
736,2025-12-27T20:02:56.019579,98.24427032470703,train
737,2025-12-27T20:02:56.045398,98.33900451660156,train
738,2025-12-27T20:02:56.072302,98.27159118652344,train
739,2025-12-27T20:02:56.097122,98.37838745117188,train
740,2025-12-27T20:02:56.116780,98.24921417236328,train
741,2025-12-27T20:02:56.142621,98.18368530273438,train
742,2025-12-27T20:02:56.165738,98.158935546875,train
743,2025-12-27T20:02:56.186514,98.22052001953125,train
744,2025-12-27T20:02:56.211309,98.29953002929688,train
745,2025-12-27T20:02:56.232064,98.38045501708984,train
746,2025-12-27T20:02:56.258588,98.21224212646484,train
747,2025-12-27T20:02:56.282426,98.19563293457031,train
748,2025-12-27T20:02:56.306453,98.50323486328125,train
749,2025-12-27T20:02:56.328218,98.2652587890625,train
750,2025-12-27T20:02:56.353774,98.24012756347656,train
751,2025-12-27T20:02:56.375743,98.39593505859375,train
752,2025-12-27T20:02:56.403029,98.27568817138672,train
753,2025-12-27T20:02:56.428707,98.24368286132812,train
754,2025-12-27T20:02:56.451102,98.18852996826172,train
755,2025-12-27T20:02:56.475618,98.28248596191406,train
756,2025-12-27T20:02:56.499398,98.0184326171875,train
757,2025-12-27T20:02:56.525883,98.25164794921875,train
758,2025-12-27T20:02:56.548375,98.2049789428711,train
759,2025-12-27T20:02:56.574429,98.19361877441406,train
760,2025-12-27T20:02:56.600040,98.11492156982422,train
761,2025-12-27T20:02:56.623074,98.17015838623047,train
762,2025-12-27T20:02:56.646751,98.35821533203125,train
763,2025-12-27T20:02:56.670860,98.08956909179688,train
764,2025-12-27T20:02:56.693654,98.26306915283203,train
765,2025-12-27T20:02:56.719965,98.2023696899414,train
766,2025-12-27T20:02:56.742931,98.26385498046875,train
767,2025-12-27T20:02:56.768728,98.10997772216797,train
768,2025-12-27T20:02:56.791523,98.16755676269531,train
769,2025-12-27T20:02:56.817054,98.21417999267578,train
770,2025-12-27T20:02:56.839506,98.2313461303711,train
771,2025-12-27T20:02:56.863689,98.04887390136719,train
772,2025-12-27T20:02:56.889569,98.07738494873047,train
773,2025-12-27T20:02:56.913343,98.14590454101562,train
774,2025-12-27T20:02:56.934710,98.0986328125,train
775,2025-12-27T20:02:56.957096,98.27936553955078,train
776,2025-12-27T20:02:56.978974,98.19432830810547,train
777,2025-12-27T20:02:57.001380,97.973388671875,train
778,2025-12-27T20:02:57.026778,98.08143615722656,train
779,2025-12-27T20:02:57.049663,98.0401611328125,train
780,2025-12-27T20:02:57.072791,98.24398803710938,train
781,2025-12-27T20:02:57.095190,97.93555450439453,train
782,2025-12-27T20:02:57.118985,97.96894836425781,train
783,2025-12-27T20:02:57.141111,98.00700378417969,train
784,2025-12-27T20:02:57.167415,98.55743408203125,train
785,2025-12-27T20:02:57.189168,98.36381530761719,train
786,2025-12-27T20:02:57.211793,98.06448364257812,train
787,2025-12-27T20:02:57.233267,98.02558898925781,train
788,2025-12-27T20:02:57.256979,98.07341003417969,train
789,2025-12-27T20:02:57.278430,98.0302505493164,train
790,2025-12-27T20:02:57.301072,97.9168701171875,train
791,2025-12-27T20:02:57.322925,98.26634216308594,train
792,2025-12-27T20:02:57.346423,98.1185073852539,train
793,2025-12-27T20:02:57.372452,98.3442153930664,train
794,2025-12-27T20:02:57.395461,98.05840301513672,train
795,2025-12-27T20:02:57.422571,98.15321350097656,train
796,2025-12-27T20:02:57.445511,98.108154296875,train
797,2025-12-27T20:02:57.470354,98.0262222290039,train
798,2025-12-27T20:02:57.492543,98.06884002685547,train
799,2025-12-27T20:02:57.515941,97.9872055053711,train
800,2025-12-27T20:02:57.536748,98.16798400878906,train
801,2025-12-27T20:02:57.564059,97.99152374267578,train
802,2025-12-27T20:02:57.585710,97.92959594726562,train
803,2025-12-27T20:02:57.608998,98.08467864990234,train
804,2025-12-27T20:02:57.631673,98.12648010253906,train
805,2025-12-27T20:02:57.653934,98.11927032470703,train
806,2025-12-27T20:02:57.678328,97.90950012207031,train
807,2025-12-27T20:02:57.701703,97.98088836669922,train
808,2025-12-27T20:02:57.724746,97.9853286743164,train
809,2025-12-27T20:02:57.751065,97.90885925292969,train
810,2025-12-27T20:02:57.777872,98.19094848632812,train
811,2025-12-27T20:02:57.799259,97.97503662109375,train
812,2025-12-27T20:02:57.819487,97.92635345458984,train
813,2025-12-27T20:02:57.842337,97.892822265625,train
814,2025-12-27T20:02:57.861553,98.05143737792969,train
815,2025-12-27T20:02:57.882030,97.89646911621094,train
816,2025-12-27T20:02:57.904851,97.87248992919922,train
817,2025-12-27T20:02:57.927125,97.96949768066406,train
818,2025-12-27T20:02:57.948831,97.84645080566406,train
819,2025-12-27T20:02:57.970343,97.78359985351562,train
820,2025-12-27T20:02:57.992547,97.93359375,train
821,2025-12-27T20:02:58.015665,98.04020690917969,train
822,2025-12-27T20:02:58.039498,97.8977279663086,train
823,2025-12-27T20:02:58.061770,97.78487396240234,train
824,2025-12-27T20:02:58.086614,97.82390594482422,train
825,2025-12-27T20:02:58.108451,97.83635711669922,train
826,2025-12-27T20:02:58.134779,97.86141204833984,train
827,2025-12-27T20:02:58.158835,98.07610321044922,train
828,2025-12-27T20:02:58.187478,97.83998107910156,train
829,2025-12-27T20:02:58.211962,97.97233581542969,train
830,2025-12-27T20:02:58.237221,97.90502166748047,train
831,2025-12-27T20:02:58.258895,97.92301940917969,train
832,2025-12-27T20:02:58.285304,97.82157135009766,train
833,2025-12-27T20:02:58.309033,97.81440734863281,train
834,2025-12-27T20:02:58.331892,97.98522186279297,train
835,2025-12-27T20:02:58.355683,97.82373046875,train
836,2025-12-27T20:02:58.380150,97.8863525390625,train
837,2025-12-27T20:02:58.407249,97.96004486083984,train
838,2025-12-27T20:02:58.430185,97.92206573486328,train
839,2025-12-27T20:02:58.453384,97.84368896484375,train
840,2025-12-27T20:02:58.476118,98.02326202392578,train
841,2025-12-27T20:02:58.498475,97.8232192993164,train
842,2025-12-27T20:02:58.520977,97.83927154541016,train
843,2025-12-27T20:02:58.543921,97.85377502441406,train
844,2025-12-27T20:02:58.566827,97.89161682128906,train
845,2025-12-27T20:02:58.589497,97.90513610839844,train
846,2025-12-27T20:02:58.612368,97.8513412475586,train
847,2025-12-27T20:02:58.635301,97.85442352294922,train
848,2025-12-27T20:02:58.658807,97.75735473632812,train
849,2025-12-27T20:02:58.683445,97.7917251586914,train
850,2025-12-27T20:02:58.706506,97.76834106445312,train
851,2025-12-27T20:02:58.729878,97.8049087524414,train
852,2025-12-27T20:02:58.754134,97.80799102783203,train
853,2025-12-27T20:02:58.774910,97.90640258789062,train
854,2025-12-27T20:02:58.798017,98.03482818603516,train
855,2025-12-27T20:02:58.820960,97.72484588623047,train
856,2025-12-27T20:02:58.844463,97.76547241210938,train
857,2025-12-27T20:02:58.868268,97.74028778076172,train
858,2025-12-27T20:02:58.890366,98.06366729736328,train
859,2025-12-27T20:02:58.918188,97.76419067382812,train
860,2025-12-27T20:02:58.940970,97.75408172607422,train
861,2025-12-27T20:02:58.964651,97.69774627685547,train
862,2025-12-27T20:02:58.988021,97.7709732055664,train
863,2025-12-27T20:02:59.010508,97.8702392578125,train
864,2025-12-27T20:02:59.030097,97.74398040771484,train
865,2025-12-27T20:02:59.052846,97.78788757324219,train
866,2025-12-27T20:02:59.073735,97.77796936035156,train
867,2025-12-27T20:02:59.097275,97.68041229248047,train
868,2025-12-27T20:02:59.117567,97.8106460571289,train
869,2025-12-27T20:02:59.141146,97.79544830322266,train
870,2025-12-27T20:02:59.164170,97.65520477294922,train
871,2025-12-27T20:02:59.186570,97.59831237792969,train
872,2025-12-27T20:02:59.211860,97.57711029052734,train
873,2025-12-27T20:02:59.233752,97.76651763916016,train
874,2025-12-27T20:02:59.256674,97.82498168945312,train
875,2025-12-27T20:02:59.280019,97.8301010131836,train
876,2025-12-27T20:02:59.308388,97.86997985839844,train
877,2025-12-27T20:02:59.331105,97.7068862915039,train
878,2025-12-27T20:02:59.352687,97.70455169677734,train
879,2025-12-27T20:02:59.373051,97.598388671875,train
880,2025-12-27T20:02:59.397409,97.61107635498047,train
881,2025-12-27T20:02:59.418055,97.634765625,train
882,2025-12-27T20:02:59.440988,97.58985900878906,train
883,2025-12-27T20:02:59.463405,97.64315032958984,train
884,2025-12-27T20:02:59.488305,97.6931381225586,train
885,2025-12-27T20:02:59.510488,97.57915496826172,train
886,2025-12-27T20:02:59.533628,97.81202697753906,train
887,2025-12-27T20:02:59.557354,97.69816589355469,train
888,2025-12-27T20:02:59.581954,97.7717056274414,train
889,2025-12-27T20:02:59.603072,97.75179290771484,train
890,2025-12-27T20:02:59.626121,97.73086547851562,train
891,2025-12-27T20:02:59.647608,97.59754943847656,train
892,2025-12-27T20:02:59.669916,97.67937469482422,train
893,2025-12-27T20:02:59.691841,97.75232696533203,train
894,2025-12-27T20:02:59.712498,97.62892150878906,train
895,2025-12-27T20:02:59.738984,97.54768371582031,train
896,2025-12-27T20:02:59.759398,97.78720092773438,train
897,2025-12-27T20:02:59.787685,97.61064910888672,train
898,2025-12-27T20:02:59.812563,97.65721130371094,train
899,2025-12-27T20:02:59.835713,97.7151870727539,train
900,2025-12-27T20:02:59.861218,97.74353790283203,train
901,2025-12-27T20:02:59.886195,97.69385528564453,train
902,2025-12-27T20:02:59.911594,97.68296813964844,train
903,2025-12-27T20:02:59.931953,97.77523040771484,train
904,2025-12-27T20:02:59.956834,97.64325714111328,train
905,2025-12-27T20:02:59.978006,97.77892303466797,train
906,2025-12-27T20:03:00.004342,97.54344940185547,train
907,2025-12-27T20:03:00.022465,97.57696533203125,train
908,2025-12-27T20:03:00.045119,97.70993041992188,train
909,2025-12-27T20:03:00.069980,97.68868255615234,train
910,2025-12-27T20:03:00.091972,97.6452865600586,train
911,2025-12-27T20:03:00.116511,97.53271484375,train
912,2025-12-27T20:03:00.136888,97.7547378540039,train
913,2025-12-27T20:03:00.160899,97.74628448486328,train
914,2025-12-27T20:03:00.182449,97.50838470458984,train
915,2025-12-27T20:03:00.209654,97.95294189453125,train
916,2025-12-27T20:03:00.232507,97.72723388671875,train
917,2025-12-27T20:03:00.256370,97.4406967163086,train
918,2025-12-27T20:03:00.277757,97.85142517089844,train
919,2025-12-27T20:03:00.301506,97.75090026855469,train
920,2025-12-27T20:03:00.323484,97.49263763427734,train
921,2025-12-27T20:03:00.346941,97.57461547851562,train
922,2025-12-27T20:03:00.371925,97.54083251953125,train
923,2025-12-27T20:03:00.397016,97.55506134033203,train
924,2025-12-27T20:03:00.419621,97.53965759277344,train
925,2025-12-27T20:03:00.443672,97.45812225341797,train
926,2025-12-27T20:03:00.466687,97.56780242919922,train
927,2025-12-27T20:03:00.490604,97.5550765991211,train
928,2025-12-27T20:03:00.509929,97.47826385498047,train
929,2025-12-27T20:03:00.527955,97.60541534423828,train
930,2025-12-27T20:03:00.547036,97.62213134765625,train
931,2025-12-27T20:03:00.565091,97.6713638305664,train
932,2025-12-27T20:03:00.584517,97.6932601928711,train
933,2025-12-27T20:03:00.603603,97.66166687011719,train
934,2025-12-27T20:03:00.621298,97.52898406982422,train
935,2025-12-27T20:03:00.640869,97.39613342285156,train
936,2025-12-27T20:03:00.664607,97.45445251464844,train
937,2025-12-27T20:03:00.685046,97.44829559326172,train
938,2025-12-27T20:03:00.710533,97.66997528076172,train
939,2025-12-27T20:03:00.730648,97.51956939697266,train
940,2025-12-27T20:03:00.755663,97.43160247802734,train
941,2025-12-27T20:03:00.777675,97.52213287353516,train
942,2025-12-27T20:03:00.801792,97.48118591308594,train
943,2025-12-27T20:03:00.823189,97.45238494873047,train
944,2025-12-27T20:03:00.844549,97.46387481689453,train
945,2025-12-27T20:03:00.870937,97.42747497558594,train
946,2025-12-27T20:03:00.891301,97.58003997802734,train
947,2025-12-27T20:03:00.915594,97.44843292236328,train
948,2025-12-27T20:03:00.934011,97.43687438964844,train
949,2025-12-27T20:03:00.957349,97.3426284790039,train
950,2025-12-27T20:03:00.981898,97.41788482666016,train
951,2025-12-27T20:03:01.004834,97.54988861083984,train
952,2025-12-27T20:03:01.029646,97.55451202392578,train
953,2025-12-27T20:03:01.051524,97.50080108642578,train
954,2025-12-27T20:03:01.075519,97.3451919555664,train
955,2025-12-27T20:03:01.099061,97.44015502929688,train
956,2025-12-27T20:03:01.123647,97.3681411743164,train
957,2025-12-27T20:03:01.148133,97.39484405517578,train
958,2025-12-27T20:03:01.170545,97.39325714111328,train
959,2025-12-27T20:03:01.193557,97.56525421142578,train
960,2025-12-27T20:03:01.217411,97.5274887084961,train
961,2025-12-27T20:03:01.239737,97.33934020996094,train
962,2025-12-27T20:03:01.262013,97.35513305664062,train
963,2025-12-27T20:03:01.284499,97.39895629882812,train
964,2025-12-27T20:03:01.310644,97.4679946899414,train
965,2025-12-27T20:03:01.334684,97.391357421875,train
966,2025-12-27T20:03:01.360459,97.68016052246094,train
967,2025-12-27T20:03:01.383108,97.5399398803711,train
968,2025-12-27T20:03:01.409390,97.39208221435547,train
969,2025-12-27T20:03:01.432367,97.35963439941406,train
970,2025-12-27T20:03:01.459994,97.32874298095703,train
971,2025-12-27T20:03:01.483425,97.36126708984375,train
972,2025-12-27T20:03:01.507615,97.59013366699219,train
973,2025-12-27T20:03:01.530067,97.39546966552734,train
974,2025-12-27T20:03:01.557494,97.32553100585938,train
975,2025-12-27T20:03:01.581024,97.47463989257812,train
976,2025-12-27T20:03:01.604098,97.92908477783203,train
977,2025-12-27T20:03:01.629662,97.26742553710938,train
978,2025-12-27T20:03:01.655578,97.5433578491211,train
979,2025-12-27T20:03:01.680365,97.3985595703125,train
980,2025-12-27T20:03:01.699232,97.30644226074219,train
981,2025-12-27T20:03:01.720430,97.9439697265625,train
982,2025-12-27T20:03:01.742312,97.36200714111328,train
983,2025-12-27T20:03:01.763195,97.38261413574219,train
984,2025-12-27T20:03:01.786843,97.40665435791016,train
985,2025-12-27T20:03:01.807671,97.32624816894531,train
986,2025-12-27T20:03:01.830103,97.31731414794922,train
987,2025-12-27T20:03:01.854454,97.22991180419922,train
988,2025-12-27T20:03:01.875258,97.5079116821289,train
989,2025-12-27T20:03:01.898078,97.3770980834961,train
990,2025-12-27T20:03:01.921836,97.37461853027344,train
991,2025-12-27T20:03:01.947786,97.30843353271484,train
992,2025-12-27T20:03:01.969926,97.26805877685547,train
993,2025-12-27T20:03:01.991685,97.41535949707031,train
994,2025-12-27T20:03:02.011427,97.34654235839844,train
995,2025-12-27T20:03:02.034751,97.45243835449219,train
996,2025-12-27T20:03:02.055813,97.21318817138672,train
997,2025-12-27T20:03:02.078157,97.29450225830078,train
998,2025-12-27T20:03:02.097908,97.45034790039062,train
999,2025-12-27T20:03:02.117220,97.1845474243164,train
1000,2025-12-27T20:03:02.142349,97.47323608398438,train
